<?xml version="1.0" encoding="UTF-8"?>
<ServerManagerConfiguration>
  <ProxyGroup name="sources">
    <SourceProxy
        name="PeanoReader"
        class="vtkPeanoReader"
        label="Peano reader">
      <Documentation
          short_help="Read a Peano file."
          long_help="Read a single Peano file.">
          The Peano reader reads Peano data file.
      </Documentation>
      <StringVectorProperty
          name="FileName"
          animateable="0"
          command="SetFileName"
          number_of_elements="1">
        <FileListDomain name="files"/>
        <Documentation>
            This property specifies the file name for the Peano reader.
        </Documentation>
      </StringVectorProperty>
      <DoubleVectorProperty
          information_only="1"
          name="TimestepValues"
          repeatable="1">
        <TimeStepsInformationHelper />
        <Documentation>
            Available timestep values.
        </Documentation>
      </DoubleVectorProperty>
      <IntVectorProperty
          name="Sample on the fly"
          command="SetOnTheFly"
          number_of_elements="1"
          default_values="0">
        <BooleanDomain name="bool"/>
        <Documentation>
          If selected, the input grid will be sampled the fly on to a regular
          grid of the specified resolution.
        </Documentation>
      </IntVectorProperty>
      <IntVectorProperty
          command="SetOnTheFlySize"
          default_values="10 10 10"
          name="Sample resolution"
          number_of_elements="3">
        <IntRangeDomain name="range"/>
        <Documentation>
          If the preview option is selected, then this option sets the size
          of the grid that we sample the input data on to.
        </Documentation>
      </IntVectorProperty>

      <!-- Resolution selection GUI -->
      <StringVectorProperty command="GetResolutions"
                            information_only="1"
                            name="ResolutionInfo">
        <StringArrayHelper />
      </StringVectorProperty>
      <StringVectorProperty animatelable="0"
                            command="SetResolution"
                            name="Resolution to load"
                            number_of_elements="1"
                            panel_visibility="default">
        <StringListDomain name="array_list">
          <RequiredProperties>
            <Property function="ArrayList"
                      name="ResolutionInfo" />
          </RequiredProperties>
        </StringListDomain>
        <Documentation>Load the grid with the given dimensions. Any arrays that
        conform to these dimensions will be loaded.</Documentation>
      </StringVectorProperty>
      <!-- End Resolution selection GUI -->

      <!-- Area Selection GUI -->
      <ProxyProperty command="SetBoxFunction"
                       label="Explore Area"
                       name="ClipFunction">
          <ProxyGroupDomain name="groups">
            <Group name="implicit_functions" />
          </ProxyGroupDomain>
          <ProxyListDomain name="proxy_list">
        <Proxy group="implicit_functions"
                      name="None" />
            <Proxy group="implicit_functions"
                   name="Box" />
          </ProxyListDomain>
          <Documentation>Set the parameters of the clip function.</Documentation>
        </ProxyProperty>
        <!-- End of Area Selection GUI -->

      <Hints>
        <ReaderFactory
            extensions="peano-patch-file"
            file_description="Peano Patch File Format" />
      </Hints>
    </SourceProxy>
  </ProxyGroup>
</ServerManagerConfiguration>
